episode,title,series,format,topic,key_subjects,status,upload_date,views,retention_pct,outcome_note,lesson_ref
old-1,25 July 2026 (flamingo),standalone (pre-branding),facts,single animal - flamingo,flamingo,uploaded,2026-07-25,1404,59.3,"Highest raw views of any video so far. Old format, pre-'Random But True' branding, not directly repeatable as-is.",playbook §2/§5
old-2,26 July 2026,standalone (pre-branding),facts,unknown - predates detailed per-episode logging,unknown,uploaded,2026-07-26,839,31.6,Topic not recorded at build time. Lower retention than most - old format predates current hook/structure rules.,playbook §2
old-3,25 July 2026 (low view A),standalone (pre-branding),facts,unknown,unknown,uploaded,2026-07-25,4,53.5,"Negligible sample size, not meaningful on its own.",playbook §2
old-4,25 July 2026 (low view B),standalone (pre-branding),facts,unknown,unknown,uploaded,2026-07-25,3,3.8,"Negligible sample, near-instant drop-off - possible thumbnail/hook mismatch but sample too small to conclude.",playbook §2
3,Random But True Facts 3,Random But True,facts,unknown - predates detailed per-episode logging,unknown,uploaded,unknown,218,35.9,Topic not recorded at build time.,playbook §2
4,Random But True Facts 4,Random But True,facts,animal ensemble - varied species,"wombat, sea otter, cow, crow, octopus, dolphin",uploaded,2026-07-28,1161,81.6,"BEST RETENTION on the channel by a wide margin. Worth studying what made this hook/pacing/footage combo work before assuming it won't repeat. Known bug: sloth fact shows a dolphin (footage substitution, uncorrected).",playbook §2b/§6
5,Random But True Facts 5,Random But True,facts,animal ensemble - varied species,"shark, cat, dog, honeybee, elephant/rhino/hippo/sloth (named not shown), Adelie penguin (African penguin footage)",uploaded,2026-07-29,1029,42.2,Solid mid performer.,playbook §2c
6,Random But True Facts 6,Random But True,facts,animal ensemble - varied species,"owl, giraffe, sea turtle, butterfly, kangaroo, flamingo (repeated from old-1)",uploaded,~2026-07-30,903,42.2,Same retention number as Facts 5 to one decimal - worth double-checking this isn't a data artifact next analytics pull.,playbook §6
7,(never rendered as its own episode - split into 8 and 9),Random But True,facts,length experiment source material,"axolotl, mantis shrimp, cuttlefish, hedgehog, peacock, seahorse",not built as ep7,,,,Facts 7 was the planned 6-fact episode; split into two 3-fact short-format experiments (8 and 9) instead before ever building the 6-fact version.,playbook §2d
8,Random But True Facts 8,Random But True,facts,SHORT FORMAT EXPERIMENT (3-fact/~25s) - sea creatures,"axolotl, mantis shrimp, cuttlefish",uploaded,~2026-07-31,26,34.4,"Worst reach of any real episode. Same short format as Facts 9 which got 527 views - confirms topic/hook drove the gap, not the format itself. Known bug: cuttlefish/octopus footage-term collision (Facts 7 and 8 both), and a mentai-mayo-style fact-precision compression issue.",playbook §2d/§6
9,Random But True Facts 9,Random But True,facts,SHORT FORMAT EXPERIMENT (3-fact/~25s) - small animals,"hedgehog, peacock, seahorse",uploaded,~2026-07-31,586,48.4,"Good reach despite short format - shows the format alone doesn't doom a video, topic/hook quality matters more.",playbook §2d
short-format-verdict,,,,,,,,,,"REAL-DATA VERDICT (2026-08-03): long format (6-fact/~52-58s) averaged 45.8% retention / 724 views across 9 videos vs short format (3-fact/~25s) averaging 41.4% retention / 275 views across Facts 8+9 (n=2, thin sample). Long format wins both axes. Keep 6-fact/50s+ as the default - do not re-run the 3-fact experiment without a new reason.",playbook §5
10,Random But True Facts 10,Random But True,facts,animal - bats,"bat (flying fox / megabat footage), vampire bat / tequila-bat fact",uploaded,2026-07-31,916,52.0,"Solid reliable performer. Near-total Pexels footage gap for bats, worse than sloth - had to work around it.",playbook §2e/§6
11,Random But True Facts 11,Random But True,facts,animal - frog,"frog (generic pond/tree frog footage only - glass frog, wood frog, poison dart frog have no real Pexels coverage in this tier)",uploaded,2026-08-01,866,no data yet - Analytics API lags ~2 days,Too new for Analytics API at last pull (2026-08-03) - retention not yet available. First episode with question-form hook after the hook-diversity fix.,playbook §2f
12,Random But True Facts 12,Random But True,facts,animal strength comparisons,"dung beetle, saltwater crocodile, leafcutter ants, harpy eagle, blue whale, gorilla",uploaded,2026-08-02,1123,no data yet - Analytics API lags ~2 days,"Too new for Analytics API at last pull. Footage bug found and fixed post-upload: dung beetle/gorilla segments were flip-flopping between two clips (A-B-A-B pattern) - re-cut footage only, no re-render, re-delivered.",playbook §2g/§6
13,Random But True Facts 13,Random But True,facts,ocean / deep sea (FIRST topic shift away from animals),"Challenger Deep, sound underwater, bioluminescence, mid-ocean ridge, unmapped seafloor, brine pools (completion-compulsion payoff fact)",uploaded,2026-08-02,599,no data yet - Analytics API lags ~2 days,Too new for Analytics API at last pull. First episode built under the three-criteria selection framework and the completion-compulsion restructure (payoff fact held for last).,playbook §2g/§5
14,Random But True: The Octopus That Escaped (Inky),Random But True,STORY,true story - octopus escape,"Inky the octopus (National Aquarium of New Zealand, 2016)",ON HOLD - not built,,,,"Deliberately held per 2026-08-03 decision: do not build the second story until the first story (ep 17, Ferrari) has real retention data in. Source lead already fact-checked and written (docs/skill/story14_lead.txt).",playbook §5
15,Random But True Facts 15,Random But True,facts,food - world pizza toppings (FIRST fully non-animal topic),"Sweden banana+curry pizza, Brazil Portuguesa, Japan potato-mayo, Finland Berlusconi/reindeer pizza, Philippines mango pizza",DROPPED 2026-08-03 - will not be published,,,,"DROPPED by owner decision (""drop the pizza one this is not good use the next video we plan"") after it was flagged weak-as-built. It had two structural problems: only 5 facts instead of the standard 6, and the hook spent the Sweden banana-pizza surprise immediately instead of holding it back, so it had no completion compulsion. The render still exists at storage/tasks/43f86404-4b9e-46ce-b693-8ba6c1130524/ but must NOT be uploaded. LESSON: a weak-as-built episode does not get rescued by shipping it - the flag was raised at build time and the right call was to drop it rather than publish something the structure rules already said was broken. The food/non-animal TOPIC is still worth doing; it needs a rebuild with 6 facts and a withheld payoff, not a patch.",playbook §5
16,Random But True Facts 16,Random But True,facts,dogs,"basenji (yodel), dog nose prints, dalmatian, newfoundland, greyhound speed, Chaser the border collie (payoff)","APPROVED + SCHEDULED 2026-08-03 - publishes 22:30 Israel time (19:30 UTC) same day, video id Zu4n7UHvrDg, task dir storage/tasks/829e18d9-3fc0-446e-812f-621f829e314c/",2026-08-03,pending,pending,"Clean second data point on the completion-compulsion restructure - unlike ep13 it doesn't also change topic (stays animals), so if it retains better than ep12 the structure is the only variable that moved. TOOK TWO RENDERS. Render 1 problems, all caught in frame verification rather than after publishing: (a) the ""fastest dog / 45mph"" fact showed a dog AMBLING SLOWLY, footage that actively contradicted the claim; (b) the Chaser payoff - the single most important shot in the episode - was a wide frame dominated by an empty brick fire pit with the dog cropped into a corner; (c) the script said ""Canadian authorities"" for what was actually the Canadian Kennel Club, a breeders' registry not the government. Render 2 fixed all three (terms: dog running towards camera / border collie close up; source text now bans authorities-police-officials). LESSON: a term that probes well can still yield a weak cut, because each segment pulls up to 3 clips and cycles through them - probing proves the pool is on-topic, it does NOT prove every cut is well-composed. Verify the PAYOFF segment's actual frame every time. Also: the auto-generated caption independently reproduced the same attribution error twice (""Canadian police"", then ""Canada""), so metadata needs checking separately from the spoken script - it is generated by a different prompt.",plans/content_calendar_ep12_18.csv
17,Random But True: The Insult That Built Lamborghini,Random But True,STORY,true story - Ferrari/Lamborghini/Pagani rivalry,"Enzo Ferrari, Ferruccio Lamborghini, Horacio Pagani","SCHEDULED via upload_video.py 2026-08-03 - publishes 16:30 Israel time (13:30 UTC) same day, video id glOoMgY_--c",2026-08-03,518,no data yet - Analytics API lags ~2 days,"First story upload for the channel - zero real retention data exists yet on whether stories outperform facts lists, despite the three-criteria framework predicting they should. This is the test case. Was originally built under a different working title ('Rival Origins') and 3 flat hashtags - retitled and re-tagged 2026-08-03 before redelivery. First video uploaded via the API rather than manually, and first use of scheduled publishing (status.publishAt).",playbook §5
18,Random But True Facts 18,Random But True,facts,everyday objects,"planned: bubble wrap, silver foil, pen, dashboard fuel-gauge arrow (payoff fact)",planned - not built,,,,Payoff fact (fuel gauge arrow) rated as the strongest single fact in the batch - viewer can verify it immediately on their own car.,plans/content_calendar_ep12_18.csv
ai-2,AI Unfiltered 2,AI Unfiltered,facts,AI / technology,unknown specific facts,uploaded,unknown,11,128.8,"Weakest-category confirmation. avg% over 100 is a small-sample rewatch artifact (11 views), not a real retention signal.",playbook §5
ai-3,AI Unfiltered 3,AI Unfiltered,facts,AI / technology,unknown specific facts,uploaded,unknown,131,31.9,Weakest-category confirmation.,playbook §5
ai-4,AI Unfiltered 4,AI Unfiltered,facts,AI / technology,unknown specific facts,uploaded,unknown,34,35.5,Weakest-category confirmation. AI Unfiltered series confirmed via real data as the channel's weakest topic - deprioritize unless testing a fundamentally different angle on it.,playbook §5
story-dday,Random But True: The Crossword That Nearly Stopped D-Day,Random But True,STORY,history / WWII - the 1944 Daily Telegraph crossword panic,"Leonard Dawe, Ronald French, Operation Overlord codewords (Utah/Omaha/Overlord/Mulberry/Neptune)","STORY LEAD READY - fact-checked, not built. docs/skill/story_dday_crossword_lead.txt",,,,"Supplied by owner 2026-08-03. FACT-CHECK CORRECTION: the owner's list said Overlord appeared 2 May and again 27 May; it was actually UTAH on 2 May, Overlord only once on 27 May. The real sequence escalates better (beach, beach, then the whole invasion's name). Strong completion-compulsion shape: MI5 arrests the schoolmaster, and the real answer took 40 years - the leak ran backwards from what everyone assumed. Footage will be the constraint (period topic, no year in search terms).",playbook §7a
story-moa,Random But True: The Bird That Had No Wings At All,Random But True,STORY,extinct animals - New Zealand moa,"moa (Dinornithiformes), Maori arrival, only known birds with no wing bones at all","STORY LEAD READY - fact-checked, not built. docs/skill/story_moa_lead.txt",,,,"Supplied by owner 2026-08-03. FACT-CHECK CORRECTION: extinction was ~1400-1450 (most precise study 1380-1440), NOT the early 16th century as submitted - and the correction IMPROVES the story, since it means every species died within ~100-150 years of humans arriving. Payoff fact: moa are the only known birds with no wing bones whatsoever, not even vestigial ones. Also verified they were NOT already in decline before humans. FOOTAGE RISK HIGH: extinct animal, no real footage - substitute ostrich/emu/cassowary and NZ forest, same gap class as sloth/wombat.",playbook §7a
story-dollar,Random But True: The Dollar Is Named After A Valley,Random But True,STORY,history / money - origin of the word dollar,"Joachimsthaler, Joachimsthal Bohemia, Hieronymus Schlick, thaler/daalder/daler, Spanish dollar","STORY LEAD READY - fact-checked, not built. docs/skill/story_dollar_origin_lead.txt",,,,"Supplied by owner 2026-08-03. No corrections needed - the submitted version held up. Added two verified details the owner did not have: the coin was struck under a Bohemian count (Hieronymus Schlick), and 'thal' simply means VALLEY, which is the hinge of the payoff. Weight ~27g but sources vary 27-29g, so hedge it. Payoff: the world's reserve currency is literally named 'from the valley', and the name predates US independence by 250+ years.",playbook §7a
